{
    "accuracy": 0.7,
    "precision": 0.7647058823529411,
    "recall": 0.8666666666666667,
    "f1_score": 0.8125
}
